USE projekt;

INSERT INTO `pakiety` (`id_pakietu`, `nazwa`, `wartosc`, `max_pamiec`) VALUES
(1, 'premium', 50, 10000),
(2, 'standard', 15, 50000),
(3, 'medium', 20, 50000),
(4, 'pro', 500, 100000);

INSERT INTO `rodzaj_serwera` (`id_rodzaju`, `nazwa_rodzaju`) VALUES
(1, 'games'),
(2, 'www'),
(3, 'SEO'),
(4, 'resell'),
(5, 'VPS');

INSERT INTO `serwery` (`id_serwera`, `pojemnosc`, `zajeta_pamiec`, `id_rodzaju`) VALUES
(1, 1000000, 210000, 1),
(2, 1000000, 450000, 1),
(3, 1000000, 170000, 2),
(4, 1000000, 250000, 3),
(5, 1000000, 390000, 5),
(6, 1000000, 710000, 5),
(7, 1000000, 520000, 4);


INSERT INTO `uslugi` (`id_uslugi`, `zajeta_pamiec`, `data_poczatkowa`, `data_koncowa`, `id_pakietu`, `id_serwera`) VALUES
(1, 9486, '2019-10-14', '2020-04-23', 1, 7),
(2, 9836, '2019-11-11', '2019-09-03', 1, 3),
(3, 8898, '2018-03-01', '2020-04-10', 4, 7),
(6, 7, '2020-01-26', '2019-08-27', 2, 2),
(7, 8107, '2020-04-06', '2019-08-22', 4, 5),
(10, 6068, '2020-03-29', '2020-03-23', 3, 3),
(16, 338, '2018-01-20', '2020-01-05', 1, 6),
(19, 2658, '2020-05-08', '2019-10-18', 4, 2),
(20, 6317, '2019-02-17', '2019-09-05', 3, 3),
(21, 3035, '2019-04-05', '2020-03-30', 1, 5),
(23, 5579, '2019-11-16', '2019-07-21', 1, 5),
(24, 3853, '2018-07-09', '2019-10-21', 4, 6),
(25, 3849, '2019-06-07', '2019-08-27', 2, 6),
(26, 1103, '2019-07-26', '2019-09-19', 3, 5),
(27, 5569, '2018-06-26', '2019-12-28', 2, 2),
(29, 1238, '2019-08-19', '2019-06-08', 1, 5),
(30, 9529, '2019-07-29', '2020-02-01', 2, 7),
(35, 1972, '2019-10-08', '2019-11-22', 3, 7),
(36, 2265, '2018-01-27', '2019-09-07', 2, 5),
(39, 9498, '2019-11-13', '2020-05-23', 2, 6),
(40, 5450, '2018-07-15', '2019-12-21', 2, 5),
(44, 7621, '2018-04-21', '2019-08-04', 3, 6),
(45, 8173, '2019-12-17', '2019-11-12', 2, 2),
(46, 4814, '2018-06-05', '2019-12-10', 1, 7),
(47, 7717, '2018-03-21', '2019-07-27', 3, 7),
(48, 4246, '2020-04-26', '2020-02-06', 1, 5),
(52, 7309, '2020-03-12', '2019-10-27', 2, 3),
(53, 3729, '2019-11-10', '2019-12-04', 2, 7),
(55, 6416, '2019-05-03', '2020-02-27', 2, 7),
(56, 6225, '2019-08-22', '2020-04-18', 2, 7),
(57, 4743, '2018-02-02', '2020-04-16', 3, 6),
(58, 9443, '2018-04-21', '2020-01-24', 3, 4),
(59, 4477, '2018-11-29', '2019-07-16', 2, 1),
(61, 651, '2018-02-06', '2020-05-15', 2, 7),
(65, 4015, '2018-03-02', '2020-03-06', 1, 1),
(66, 2608, '2018-09-10', '2020-02-29', 3, 4),
(67, 4421, '2018-04-10', '2020-02-16', 4, 5),
(70, 4092, '2019-08-20', '2019-06-15', 2, 1),
(71, 1374, '2018-11-03', '2019-12-10', 2, 6),
(74, 7784, '2020-06-03', '2019-07-10', 3, 2),
(78, 376, '2019-10-18', '2019-08-18', 4, 6),
(81, 9526, '2018-11-22', '2019-07-09', 3, 4),
(82, 2010, '2020-05-24', '2020-04-16', 2, 1),
(83, 3210, '2018-06-25', '2020-03-05', 1, 3),
(87, 6496, '2018-05-04', '2020-04-20', 3, 7),
(89, 1047, '2019-10-28', '2019-12-14', 2, 1),
(90, 9149, '2019-04-01', '2020-05-02', 4, 6),
(92, 2551, '2019-02-01', '2019-07-29', 2, 6),
(94, 168, '2018-06-30', '2019-10-11', 3, 2),
(96, 8336, '2019-02-03', '2019-06-14', 4, 4),
(98, 1960, '2019-03-30', '2020-02-04', 4, 6),
(100, 8643, '2018-08-31', '2020-05-16', 4, 2);

INSERT INTO `nieaktywne_uslugi` (`id_nieaktywnej_uslugi`, `id_uslugi`, `data_poczatkowa`, `data_koncowa`, `id_pakietu`, `id_serwera`) VALUES
(7, 29, '2019-05-01', '2019-05-29', 1, 1),
(8, 30, '2019-05-01', '2019-05-29', 1, 1),
(9, 31, '2019-05-27', '2019-05-28', 1, 1),
(10, 33, '2019-06-02', '2019-07-02', 1, 1),
(11, 34, '2019-06-02', '2019-07-02', 1, 1),
(12, 35, '2019-06-02', '2019-07-02', 1, 1),
(13, 36, '2019-06-02', '2019-07-02', 2, 1),
(14, 38, '2019-06-03', '2019-07-03', 1, 1),
(15, 37, '2019-06-02', '2019-07-02', 2, 1),
(16, 39, '2019-06-03', '2019-07-03', 1, 1),
(17, 40, '2019-06-03', '2019-07-03', 1, 3),
(18, 51, '2019-06-03', '2019-07-03', 1, 1),
(19, 52, '2019-06-04', '2019-07-04', 1, 1),
(20, 4, '2018-12-09', '2018-10-24', 4, 5),
(21, 5, '2019-03-06', '2019-04-09', 2, 2),
(22, 8, '2018-07-18', '2018-09-14', 3, 1),
(23, 9, '2019-05-17', '2019-02-12', 4, 4),
(24, 11, '2019-08-08', '2018-10-23', 1, 3),
(25, 12, '2018-07-10', '2018-10-09', 1, 4),
(26, 13, '2018-10-14', '2019-02-18', 4, 3),
(27, 14, '2020-01-28', '2018-08-31', 2, 7),
(28, 15, '2018-05-01', '2018-10-04', 2, 3),
(29, 17, '2020-05-27', '2018-11-12', 2, 6),
(30, 18, '2018-10-09', '2019-02-18', 4, 5),
(31, 22, '2019-08-15', '2018-12-04', 1, 1),
(32, 28, '2018-05-28', '2018-07-26', 2, 3),
(33, 31, '2018-06-12', '2018-07-12', 4, 3),
(34, 32, '2018-01-15', '2018-08-09', 2, 5),
(35, 33, '2018-12-23', '2018-12-28', 4, 1),
(36, 34, '2018-06-09', '2018-09-23', 2, 7),
(37, 37, '2020-05-11', '2018-10-12', 4, 2),
(38, 38, '2018-03-02', '2018-07-05', 4, 6),
(39, 41, '2018-01-02', '2018-10-06', 2, 5),
(40, 42, '2019-09-19', '2018-10-05', 4, 3),
(41, 43, '2019-12-31', '2018-08-11', 4, 5),
(42, 49, '2019-06-23', '2019-05-27', 2, 4),
(43, 50, '2019-12-23', '2018-10-20', 1, 1),
(44, 51, '2018-05-28', '2018-07-29', 3, 3),
(45, 54, '2019-10-21', '2018-09-30', 1, 4),
(46, 60, '2018-09-12', '2018-11-06', 2, 5),
(47, 62, '2019-10-20', '2018-06-05', 4, 5),
(48, 63, '2019-09-06', '2018-10-20', 3, 3),
(49, 64, '2019-04-09', '2018-12-22', 2, 1),
(50, 68, '2020-04-14', '2018-06-30', 3, 4),
(51, 69, '2018-01-17', '2018-11-14', 1, 2),
(52, 72, '2019-10-29', '2018-06-29', 1, 2),
(53, 73, '2018-07-05', '2018-07-28', 2, 4),
(54, 75, '2019-10-04', '2018-12-04', 4, 3),
(55, 76, '2019-08-30', '2018-07-15', 1, 6),
(56, 77, '2018-07-24', '2018-12-14', 4, 4),
(57, 79, '2019-01-07', '2019-05-03', 1, 7),
(58, 80, '2020-05-04', '2018-07-16', 1, 5),
(59, 84, '2019-04-22', '2018-12-23', 3, 1),
(60, 85, '2018-12-18', '2018-09-22', 4, 6),
(61, 86, '2020-02-16', '2019-01-14', 1, 4),
(62, 88, '2019-06-25', '2019-04-17', 1, 4),
(63, 91, '2019-09-18', '2018-12-18', 4, 3),
(64, 93, '2018-03-22', '2019-02-20', 2, 3),
(65, 95, '2020-01-12', '2019-04-28', 3, 4),
(66, 97, '2019-04-26', '2019-02-21', 2, 7),
(67, 99, '2018-07-15', '2019-02-25', 1, 2);

INSERT INTO `rodzaj_konta` (`id_rodzaju`, `nazwa`) VALUES
(1, 'admin'),
(2, 'user');

INSERT INTO `uzytkownicy` (`id_uzytkownika`, `login`, `haslo`, `imie`, `nazwisko`, `email`, `telefon`, `data_dolaczenia`, `id_rodzaju`) VALUES
(1, 'admin', 'admin', 'admin', 'admin', 'admin@admin.pl', 0, '2019-05-07', 1),
(4, 'dsa', 'lal', 'dpsa', 'dsada', 'dsada@wp.pl', 123123123, '2019-04-04', 2),
(5, 'Jolene', 'XIC31WMG2FY', 'Darrel', 'Fowler', 'Etiam.ligula.tortor@ametmassaQuisque.com', 303565659, '2020-03-03', 2),
(6, 'Madaline', 'FWH59LMI1HW', 'Conan', 'Ratliff', 'mauris@Duiscursusdiam.com', 182914962, '2019-04-11', 2),
(7, 'Logan', 'KSY16WDP7MR', 'Lucas', 'Chandler', 'semper.tellus@orcisem.org', 883372489, '2019-09-21', 2),
(8, 'Ezekiel', 'KFV58YQQ2JR', 'Deirdre', 'Grant', 'tellus@dignissimtempor.ca', 551194677, '2018-11-17', 2),
(9, 'Heidi', 'DGK12CEG5GO', 'Harding', 'Hyde', 'at@Integer.edu', 2283479, '2019-11-05', 2),
(10, 'Bert', 'AFT82VRI0JI', 'Zorita', 'Frye', 'lacus.Ut@Suspendissealiquet.com', 109005628, '2019-12-08', 2),
(11, 'Karen', 'ANG39GMR3RZ', 'Stacey', 'Richmond', 'ipsum.Curabitur.consequat@vulputate.ca', 741725667, '2019-04-02', 2),
(12, 'Lamar', 'FZE43KUB2EJ', 'Ciaran', 'Zimmerman', 'ultrices.sit@risus.co.uk', 826959301, '2019-06-08', 2),
(13, 'Astra', 'KAF34VSU0FA', 'Kamal', 'Mcbride', 'arcu.imperdiet@tempus.edu', 833354805, '2019-01-23', 2),
(14, 'Darrel', 'KBA23NAJ8ZT', 'Adena', 'Schultz', 'urna.justo.faucibus@ametdiameu.com', 759201531, '2018-11-28', 2),
(15, 'George', 'NCE01GBV2LS', 'Ursula', 'Williams', 'nisi.nibh@metus.org', 182803879, '2019-11-13', 2),
(16, 'Kato', 'QTB55AWL0UX', 'Maggie', 'Love', 'eu.sem.Pellentesque@quis.net', 452986942, '2018-03-15', 2),
(17, 'Melanie', 'BTL76HGS7KS', 'Jorden', 'Boone', 'nulla.Donec.non@utaliquamiaculis.ca', 482739870, '2019-06-08', 2),
(18, 'Beau', 'WCB10EKT4BC', 'Paki', 'Stanton', 'lorem.sit.amet@eudolor.edu', 141243730, '2018-03-07', 2),
(19, 'Eliana', 'WPN51TJG6NF', 'Kiayada', 'Cox', 'faucibus@netus.com', 691037308, '2018-05-08', 2),
(20, 'Jameson', 'VTY08QBA6DY', 'Troy', 'Zamora', 'vitae.posuere.at@liberoMorbiaccumsan.net', 562428782, '2020-05-17', 2),
(21, 'Pascale', 'SMY76QCP0LW', 'Quynn', 'Burton', 'ullamcorper.eu.euismod@nisidictum.ca', 280212323, '2018-09-21', 2),
(22, 'Neil', 'YWQ65ATK8XV', 'India', 'Holloway', 'hendrerit.id.ante@velvulputate.co.uk', 646198422, '2019-08-11', 2),
(23, 'Edan', 'BTJ07QMX8FS', 'Jack', 'Hansen', 'libero.lacus.varius@est.net', 985147818, '2018-07-08', 2),
(24, 'Ebony', 'BPI62KHE6CW', 'Chester', 'Wallace', 'pede.sagittis@convallisante.com', 795964073, '2019-12-19', 2),
(25, 'Charissa', 'AIQ52UPH5PB', 'Aaron', 'Steele', 'dapibus.quam@malesuadaid.ca', 543743332, '2019-01-16', 2),
(26, 'Uma', 'BGV44BMK4QI', 'Castor', 'Bridges', 'dis.parturient@auguescelerisquemollis.edu', 577952314, '2019-01-28', 2),
(27, 'Hedley', 'BPL74TKT6IN', 'Denton', 'Terrell', 'commodo.ipsum.Suspendisse@arcu.ca', 237477401, '2018-03-18', 2),
(28, 'Winifred', 'QKF11VDQ4LS', 'Cedric', 'Shaffer', 'cursus.in.hendrerit@venenatislacusEtiam.net', 464864351, '2018-01-22', 2),
(29, 'Ariel', 'TLZ59WCQ8PR', 'Madeline', 'Woodward', 'ornare@malesuadamalesuada.ca', 208216094, '2020-02-11', 2),
(30, 'Zephania', 'LQG18GFL2IC', 'Xena', 'Wooten', 'magna@Cras.org', 400687578, '2018-06-27', 2),
(31, 'Sylvia', 'ENN26NWY8JW', 'Travis', 'Huffman', 'odio@Aeneaneuismodmauris.com', 629101761, '2018-11-29', 2),
(32, 'Sheila', 'PZJ90KOK4AT', 'Otto', 'Hickman', 'facilisi.Sed@luctuset.ca', 953779641, '2019-12-11', 2),
(33, 'Hayes', 'OJX15LMK1WY', 'Zena', 'Gomez', 'et.netus@etmalesuadafames.edu', 98923912, '2019-03-05', 2),
(34, 'Blythe', 'MHQ49SMK2YM', 'Nash', 'Hansen', 'non@pede.co.uk', 462885215, '2019-05-30', 2),
(35, 'Hall', 'SVX65YFO9MF', 'Orson', 'Mcpherson', 'est.Mauris@pellentesquemassa.net', 726016587, '2019-05-13', 2),
(36, 'Tallulah', 'NHQ28AYV7OH', 'Marah', 'England', 'orci.sem@Vivamus.edu', 338809057, '2019-05-22', 2),
(37, 'Imelda', 'KQL55YTK5NM', 'Clementine', 'Rose', 'Nunc.lectus@mollisnon.org', 126635706, '2019-11-19', 2),
(38, 'Alfreda', 'YCJ95PVD1YT', 'Olivia', 'Jefferson', 'id@amet.ca', 363502860, '2019-12-16', 2),
(39, 'Kevyn', 'BBS74BYX7MD', 'Damon', 'Mack', 'molestie@egetvenenatis.co.uk', 993814775, '2019-05-10', 2),
(40, 'Quon', 'MFN92YOU7BR', 'Leonard', 'Spears', 'nulla@Maecenas.co.uk', 292244366, '2018-03-17', 2),
(41, 'Roth', 'MMM91WGL4DZ', 'Linda', 'Ayers', 'sit.amet@utpellentesqueeget.net', 140340698, '2019-10-31', 2),
(42, 'Marah', 'CBL67IIK5JQ', 'Grady', 'Larsen', 'feugiat.tellus@vitae.co.uk', 308795518, '2019-05-02', 2),
(43, 'Micah', 'BML09UBC8YF', 'Lester', 'Collier', 'risus.quis@arcu.co.uk', 446370132, '2020-03-22', 2),
(44, 'Branden', 'VFI32WJH5NP', 'Ashton', 'Rosales', 'convallis.dolor@Utnec.org', 176275121, '2020-03-21', 2),
(45, 'Violet', 'RVA92LFQ7GI', 'Mari', 'Hahn', 'Aenean@molestiepharetranibh.ca', 188551916, '2018-04-13', 2),
(46, 'Mariko', 'NGB20IDY8XO', 'Lee', 'Hahn', 'ultrices@sagittisNullam.com', 800379001, '2018-02-26', 2),
(47, 'Eleanor', 'KYI83JME0ZT', 'Kermit', 'Olsen', 'augue.Sed@massaVestibulumaccumsan.org', 404543011, '2018-08-22', 2),
(48, 'Nissim', 'XBV96ICZ4JG', 'Indira', 'Payne', 'semper@montesnascetur.org', 262663083, '2019-03-21', 2),
(49, 'Howard', 'LSU01BYR8VR', 'Price', 'Simmons', 'volutpat.nunc.sit@dapibusligula.co.uk', 586874479, '2018-10-13', 2),
(50, 'Lars', 'UVX38PIY6RY', 'Burton', 'Collins', 'tortor.nibh.sit@ligulaNullam.co.uk', 283722853, '2018-02-16', 2),
(51, 'Rebekah', 'DZT66JBY8NT', 'Vivien', 'Anthony', 'Fusce.mollis@tellusfaucibusleo.edu', 364583031, '2020-03-01', 2),
(52, 'John', 'FGR12NZQ4GM', 'Madison', 'Moses', 'nunc.interdum@vitae.net', 743674891, '2018-02-14', 2),
(53, 'Baxter', 'SAJ49NWL0BJ', 'Sarah', 'Sparks', 'nec.quam.Curabitur@Maurisblandit.org', 563368654, '2019-03-13', 2),
(54, 'Tiger', 'ORF29WRL2RK', 'Jescie', 'Delacruz', 'nunc.sed@nullaanteiaculis.com', 175029579, '2018-05-15', 2),
(55, 'Nevada', 'WEU22PPQ4FB', 'Brianna', 'Forbes', 'dolor.tempus@idante.co.uk', 396284485, '2019-01-17', 2),
(56, 'Rudyard', 'YBV98YGY6VK', 'Iliana', 'Cain', 'Nunc@nuncnullavulputate.edu', 715759496, '2018-09-30', 2),
(57, 'Armando', 'TJM28PIM9NV', 'Clayton', 'Marsh', 'vel.lectus@tincidunt.co.uk', 190825341, '2019-10-28', 2),
(58, 'Aquila', 'XRR25AWK4UP', 'Eugenia', 'Cleveland', 'ipsum@tinciduntnibhPhasellus.org', 698455354, '2019-03-19', 2),
(59, 'Kibo', 'FKL65LHB3BF', 'Shafira', 'Vaughn', 'quis.pede.Praesent@Duis.net', 214940301, '2018-06-09', 2),
(60, 'Thane', 'GJD82ESB5DT', 'Quamar', 'Waller', 'pede@dapibusidblandit.co.uk', 567248419, '2018-03-04', 2),
(61, 'Nevada', 'UEM37NMB5MA', 'Dawn', 'Farrell', 'euismod@cursusaenim.edu', 261998810, '2018-04-19', 2),
(62, 'Yvonne', 'DNT69SWO7BY', 'Avram', 'Klein', 'mauris.Integer@tincidunttempusrisus.com', 489943793, '2020-02-02', 2),
(63, 'Jocelyn', 'PES07WIR3QX', 'Kirk', 'Beard', 'consequat.enim.diam@nisidictum.ca', 49450794, '2019-11-14', 2),
(64, 'Kylynn', 'MSJ17AQK6AI', 'Carter', 'Burke', 'Phasellus@conubianostra.ca', 279472838, '2019-03-19', 2),
(65, 'Clementine', 'KPJ27PGE2MZ', 'Ferris', 'William', 'odio.a.purus@turpis.edu', 138599478, '2018-05-09', 2),
(66, 'Craig', 'RUS06IAG7WI', 'Dante', 'Palmer', 'Nunc@egetdictumplacerat.net', 751285444, '2019-11-21', 2),
(67, 'Zephania', 'RJU10UZD8HY', 'Aretha', 'Duncan', 'libero@Donec.ca', 524638019, '2018-07-31', 2),
(68, 'Halla', 'EYG73JTA4NC', 'Brynn', 'Pruitt', 'in@quamelementum.co.uk', 182403474, '2020-02-15', 2),
(69, 'Teagan', 'NIA97ADU2YT', 'Elvis', 'Welch', 'tincidunt@elit.org', 764013862, '2019-09-12', 2),
(70, 'Sean', 'BIO23VRM5EG', 'Bert', 'Goff', 'risus@vestibulum.net', 878846182, '2019-10-29', 2),
(71, 'Jolie', 'IUW02WKA3QV', 'Mark', 'Barry', 'augue.scelerisque.mollis@aliquetPhasellusfermentum', 760123528, '2018-01-21', 2),
(72, 'Indira', 'AKZ14QRU7KI', 'Scarlet', 'Hoover', 'erat.eget.ipsum@pretiumaliquetmetus.com', 84711984, '2018-03-30', 2),
(73, 'Gregory', 'PTD61EUG2MA', 'Octavius', 'Fields', 'amet.consectetuer.adipiscing@lectus.net', 836167499, '2020-02-15', 2),
(74, 'Lana', 'KEM14ZBH3GL', 'Hillary', 'Jacobs', 'Phasellus.dapibus@eleifend.edu', 453929076, '2019-08-07', 2),
(75, 'Zeph', 'HMP65WZN1FY', 'Montana', 'Jenkins', 'vestibulum@egetmollis.ca', 343330706, '2018-05-04', 2),
(76, 'Caesar', 'RQU19RIY0YY', 'Tasha', 'Madden', 'sed.dolor@turpis.org', 929291218, '2018-06-21', 2),
(77, 'Cameran', 'YPT83XLO4PV', 'Katelyn', 'Mullen', 'in.molestie@consectetuereuismodest.net', 361794362, '2020-01-02', 2),
(78, 'Gary', 'RYR01HSP0TD', 'Fleur', 'Acosta', 'dictum.Phasellus@asollicitudinorci.net', 364912890, '2020-05-02', 2),
(79, 'Melodie', 'EZW57YDQ0BA', 'Driscoll', 'Villarreal', 'Integer.in.magna@cursus.com', 228160771, '2019-10-20', 2),
(80, 'Willow', 'DZC98FHT7MN', 'Sage', 'Cortez', 'nisl@maurisutmi.net', 952978938, '2019-08-02', 2),
(81, 'Keefe', 'KHF77DCV7DS', 'Mikayla', 'Sampson', 'non@ipsumSuspendisse.org', 827530460, '2019-05-17', 2),
(82, 'Bryar', 'ZBM50PWA5AN', 'Wyatt', 'Walsh', 'magna.a.neque@lorem.net', 367590395, '2020-04-01', 2),
(83, 'Leo', 'IIG15EZJ2TK', 'Cody', 'Cabrera', 'turpis.Nulla@elit.com', 83851617, '2019-04-07', 2),
(84, 'Neil', 'ZIA32ECG9VG', 'Zachery', 'Mcneil', 'vel@estNuncullamcorper.com', 177554050, '2019-03-27', 2),
(85, 'Ronan', 'BTL16ZSW3OR', 'Blaine', 'Irwin', 'turpis.nec.mauris@gravidanon.org', 489163334, '2018-04-08', 2),
(86, 'Ignacia', 'PTD58BBR0KZ', 'Hilda', 'Doyle', 'justo.sit.amet@vitae.com', 747815834, '2019-08-05', 2),
(87, 'Wanda', 'ZPV23RCZ3IY', 'Murphy', 'Kennedy', 'dis@Maurisquisturpis.co.uk', 683723738, '2019-09-14', 2),
(88, 'Sage', 'KKH92XCB1JE', 'Nehru', 'Callahan', 'tincidunt@libero.co.uk', 939565929, '2018-03-30', 2),
(89, 'Derek', 'WVW67VIG6YG', 'Chanda', 'Schneider', 'lorem.auctor.quis@quismassaMauris.ca', 37070965, '2020-01-28', 2),
(90, 'Thor', 'KTO49ABN7ST', 'Neil', 'Osborn', 'enim.Mauris.quis@etarcu.edu', 579404041, '2019-01-15', 2),
(91, 'Logan', 'APM64KVY8HE', 'Neil', 'Deleon', 'lectus.rutrum@milaciniamattis.net', 907305147, '2019-05-28', 2),
(92, 'Taylor', 'STC64OZF4DV', 'Fletcher', 'Frost', 'nec.metus.facilisis@tellussemmollis.edu', 226456287, '2019-09-23', 2),
(93, 'Kyra', 'AYX09PPV5UP', 'Joel', 'Ramos', 'nunc@Nullamenim.org', 33279409, '2018-09-12', 2),
(94, 'Dolan', 'EFX61QYE7AO', 'Joseph', 'Montgomery', 'purus.Maecenas@Nullatinciduntneque.com', 193990092, '2019-04-20', 2),
(95, 'Curran', 'SNX12LNT4LX', 'Octavius', 'Wheeler', 'dolor.dolor@aliquameu.net', 570774737, '2018-04-01', 2),
(96, 'Summer', 'RJT56LWF2FR', 'Emerald', 'George', 'facilisis.Suspendisse.commodo@magnaPhasellusdolor.', 294406886, '2018-02-28', 2),
(97, 'Rana', 'SEZ00LTR2KA', 'Karleigh', 'Larsen', 'nulla.Integer.urna@faucibus.org', 459430884, '2018-01-16', 2),
(98, 'Chastity', 'HQL57BVF6LA', 'Basil', 'Hull', 'magna.malesuada@quam.com', 909966548, '2019-05-21', 2),
(99, 'Amaya', 'KRN39XYI2UV', 'Maggy', 'Frost', 'purus.Duis@mi.com', 575177941, '2019-12-11', 2),
(100, 'Carlos', 'ACU09QCL8CV', 'Grace', 'Coffey', 'vulputate.risus.a@magnis.org', 891948386, '2019-01-22', 2),
(101, 'Aubrey', 'YFX17EAT9TN', 'Debra', 'Gilbert', 'et@ullamcorper.com', 125097690, '2018-07-20', 2),
(102, 'Rae', 'LOQ69JRG6PU', 'Bertha', 'Carney', 'et.ipsum.cursus@esttempor.net', 699909888, '2018-06-10', 2),
(103, 'Sloane', 'ELE02WVN9JX', 'Lester', 'Powell', 'enim.Nunc.ut@Namligula.edu', 726215249, '2019-03-26', 2),
(104, 'Garth', 'UWS38PEL2YY', 'Aidan', 'Bray', 'venenatis@massalobortis.edu', 519604994, '2019-08-09', 2),
(105, 'Wang', 'ZEH31XCU1BF', 'Walker', 'Daugherty', 'Donec.egestas.Duis@scelerisquelorem.org', 347480102, '2018-05-01', 2),
(106, 'Larissa', 'FUJ89XHE0WB', 'Karen', 'Riggs', 'aliquet.diam@magnaLorem.com', 48272283, '2018-09-16', 2),
(107, 'Basil', 'PEF71OOX1JA', 'Latifah', 'Emerson', 'rutrum.magna@orciUt.co.uk', 738243137, '2020-01-30', 2),
(108, 'Rhea', 'KPV90FSR4UR', 'Vaughan', 'Cummings', 'auctor@hendreritneque.co.uk', 808048352, '2019-03-26', 2),
(109, 'Travis', 'ELA28CKJ7CM', 'Alika', 'Romero', 'non.massa@interdum.edu', 312640123, '2020-05-03', 2),
(110, 'Wallace', 'BMF08LTO4LF', 'Merritt', 'Heath', 'eu.eros@ac.org', 588357489, '2019-08-12', 2),
(111, 'Chanda', 'FZE25PLI6MJ', 'Nolan', 'Mckinney', 'neque.In.ornare@egestasligulaNullam.ca', 440604891, '2019-08-28', 2),
(112, 'Petra', 'HQO83CMD7UA', 'Macey', 'Erickson', 'lorem.eu@semper.com', 816249455, '2019-03-27', 2),
(113, 'Cameran', 'UJV43IVA1OF', 'Skyler', 'Johnson', 'et@Cumsociis.ca', 489719660, '2020-04-05', 2),
(114, 'Kadeem', 'YSF19DNT8UT', 'MacKensie', 'Burt', 'lorem.Donec@nasceturridiculus.net', 452428218, '2019-07-02', 2),
(115, 'Keaton', 'JJZ20TTL8GC', 'Camilla', 'Potter', 'ultrices.iaculis@ornare.co.uk', 692970204, '2019-04-12', 2),
(116, 'Dean', 'AXS33ZJV8CT', 'Kyla', 'Lowery', 'turpis@ligulaconsectetuer.org', 346286127, '2019-12-12', 2),
(117, 'Gillian', 'UKT47BDM5EQ', 'Ashely', 'Holmes', 'velit.Quisque.varius@eleifendnuncrisus.edu', 794412793, '2018-01-27', 2),
(118, 'Kaitlin', 'BGK31QCB8YL', 'Patrick', 'Harmon', 'pede@Vivamussitamet.co.uk', 54635146, '2018-11-22', 2),
(119, 'Emerald', 'NPF28QLA5EV', 'Amity', 'Delaney', 'ultrices.sit.amet@magnaLoremipsum.edu', 730634894, '2019-06-17', 2),
(120, 'Acton', 'HKA43EYL6ZO', 'Lionel', 'Hoffman', 'mauris.eu.elit@Proin.org', 950296244, '2019-05-04', 2),
(121, 'Jameson', 'GNS33XPL9SG', 'Gretchen', 'Macdonald', 'morbi.tristique@Curabiturutodio.org', 284861930, '2020-02-02', 2),
(122, 'Bree', 'ECF66MQW2LE', 'Brenden', 'Mcdowell', 'cursus.a.enim@inmagnaPhasellus.ca', 773007731, '2018-12-17', 2),
(123, 'Autumn', 'LEN83SXS4XN', 'Phoebe', 'Whitney', 'amet.consectetuer@et.co.uk', 170945382, '2020-02-18', 2),
(124, 'Octavia', 'HFN18QNK8OT', 'Kaitlin', 'Rivas', 'nulla@nisimagnased.edu', 384648868, '2018-11-10', 2),
(125, 'Shelly', 'RCT42EUS1SY', 'Fletcher', 'Fuentes', 'amet.nulla@etmagnisdis.org', 715120944, '2019-07-03', 2),
(126, 'Jameson', 'XML45SSZ6WQ', 'Hyacinth', 'Carson', 'non.vestibulum@Suspendisse.co.uk', 968777986, '2018-06-07', 2),
(127, 'Winter', 'QLI04JJM5YS', 'Shannon', 'Hutchinson', 'ligula@nuncinterdum.net', 44100042, '2018-08-15', 2),
(128, 'Martina', 'XTE16VIE0UL', 'Hammett', 'Fernandez', 'Sed.nec.metus@massa.com', 834855722, '2018-03-04', 2),
(129, 'Kelly', 'FOA15TFY0AU', 'Shoshana', 'Walters', 'Pellentesque.habitant@Proinnon.co.uk', 557405493, '2019-07-27', 2),
(130, 'Akeem', 'SNF48ZYG7NH', 'Emmanuel', 'Morrow', 'accumsan@luctussitamet.edu', 598528192, '2019-12-13', 2),
(131, 'Jena', 'JPL13IJE7MP', 'Leah', 'Powell', 'turpis.Nulla.aliquet@ac.edu', 784793645, '2020-05-15', 2),
(132, 'Tallulah', 'CIU55KJV9SG', 'Sacha', 'Kidd', 'a.facilisis@tortoratrisus.net', 634975489, '2018-01-11', 2),
(133, 'Elton', 'MZH35HCW0KA', 'Ginger', 'Sargent', 'Fusce.feugiat@lacinia.edu', 900192796, '2018-11-02', 2),
(134, 'Minerva', 'LAH52SMF7VO', 'Felicia', 'Bradshaw', 'mauris.id.sapien@vitae.net', 460200315, '2019-02-22', 2),
(135, 'Allegra', 'FHW60DLT7OW', 'Keefe', 'Garza', 'Cras.eu@acurnaUt.ca', 152871434, '2019-02-21', 2),
(136, 'Cassady', 'VYE37WUE1WL', 'Nyssa', 'Bond', 'turpis.In.condimentum@risus.ca', 390094183, '2019-09-04', 2),
(137, 'Merritt', 'ERK20VXD0LD', 'Brenda', 'Gonzales', 'aliquet.vel@Aeneanegestas.ca', 292979222, '2018-01-11', 2),
(138, 'Hakeem', 'GLV52KHB7ZY', 'Stacey', 'Rich', 'aliquam@Cras.net', 757852304, '2019-04-08', 2),
(139, 'Beverly', 'RHB46RRL1XL', 'Jacob', 'Johnson', 'auctor@ligulaAeneangravida.net', 829159939, '2018-04-15', 2),
(140, 'Nerea', 'NAP88GAK8LL', 'Alea', 'Hampton', 'dapibus.gravida@Nullamlobortis.org', 599445143, '2019-06-06', 2),
(141, 'Omar', 'CQW57PVQ7IT', 'Mercedes', 'Hayden', 'Sed.nulla.ante@vehiculaet.edu', 646066227, '2020-03-11', 2),
(142, 'Phyllis', 'SAG41VRC6JI', 'Iola', 'Mcclure', 'amet.ultricies.sem@pretiumet.com', 561654857, '2019-12-29', 2),
(143, 'Walter', 'WGJ93CSA1JV', 'Jescie', 'Rodriguez', 'Praesent.luctus@loremacrisus.org', 581359123, '2019-07-01', 2),
(144, 'Sacha', 'TKH97XYL2FE', 'Kimberly', 'Tucker', 'ante.iaculis.nec@eleifendegestas.org', 947106378, '2018-12-14', 2),
(145, 'Kimberley', 'FZT88BEL7VU', 'Connor', 'Shelton', 'arcu.vel.quam@dignissim.org', 392989395, '2018-09-02', 2),
(146, 'Neil', 'YBC69TIL6AK', 'Maggy', 'Sampson', 'justo.sit.amet@Morbinon.com', 905951225, '2019-09-22', 2),
(147, 'Iris', 'CLC27ZJA8QQ', 'Adam', 'Solomon', 'lacinia@laoreetlectusquis.com', 377167461, '2020-05-13', 2),
(148, 'Ruby', 'UZK16PYL8KM', 'Nichole', 'Goodman', 'senectus.et@lacusvarius.edu', 260661423, '2020-02-21', 2),
(149, 'Hedwig', 'POX15DWL9MX', 'Nayda', 'Robertson', 'Mauris.ut@etcommodoat.com', 181167067, '2020-02-28', 2),
(150, 'Leila', 'BQQ58QZZ2PE', 'Odysseus', 'Acevedo', 'dictum.eleifend.nunc@aliquetmolestietellus.org', 370655189, '2018-07-14', 2),
(151, 'Gregory', 'FSM60LOH7QO', 'Gil', 'Gaines', 'semper@dolordapibus.co.uk', 557697417, '2020-05-16', 2),
(152, 'Colin', 'GPK58PUA9TT', 'Gemma', 'Hebert', 'amet.consectetuer@ut.org', 340300076, '2019-01-20', 2),
(153, 'Jerry', 'NJB37BPG8FU', 'Kiara', 'Larson', 'quis@libero.com', 740626854, '2018-08-14', 2),
(154, 'Naida', 'NQA56ERB9IU', 'Dominique', 'Roy', 'non.sapien@primis.net', 557265787, '2019-03-10', 2),
(155, 'Nayda', 'OFG03DAI8RY', 'Darius', 'Burch', 'Aenean@Nullam.edu', 130234247, '2018-11-08', 2),
(156, 'Cameron', 'HWR56WQT3JO', 'Hyacinth', 'Vance', 'urna@Aeneanegetmagna.com', 105997073, '2020-05-27', 2),
(157, 'Lance', 'ETO14FHR3RV', 'Ursa', 'Velazquez', 'amet.dapibus.id@molestie.ca', 590606982, '2020-02-15', 2),
(158, 'Breanna', 'OIV77PSD2WI', 'Hayden', 'Cole', 'ligula.eu@odiovelest.com', 589310103, '2019-10-29', 2),
(159, 'Devin', 'IYA49OWE4ZT', 'Timon', 'Powers', 'dictum.eleifend@consequatnec.com', 954892987, '2020-05-31', 2),
(160, 'Keaton', 'XZT90ETP9IH', 'Elton', 'Webster', 'Sed.molestie@Donec.ca', 761503166, '2020-05-12', 2),
(161, 'Hadassah', 'YEG64NCZ4AE', 'Drake', 'Olsen', 'vitae@tellusid.org', 314832394, '2019-06-01', 2),
(162, 'Inez', 'SDM67FKE6PM', 'Eaton', 'Horn', 'Integer.urna@mitemporlorem.org', 500487487, '2018-02-01', 2),
(163, 'Damon', 'RHE16ANL9FK', 'Noelle', 'Glass', 'In.tincidunt.congue@ante.ca', 45290545, '2018-12-29', 2),
(164, 'Xena', 'LOZ53WDI0MW', 'Brennan', 'Strong', 'a@Donecdignissimmagna.edu', 531309044, '2019-01-28', 2),
(165, 'Zorita', 'USN23WDL8UO', 'Moses', 'Harvey', 'sem.Pellentesque@Cum.ca', 920609257, '2019-11-21', 2),
(166, 'Abdul', 'IDI43QMT0YO', 'Griffith', 'Shannon', 'ipsum@nec.ca', 113054087, '2020-02-18', 2),
(167, 'Geoffrey', 'HLN36MFK9QK', 'Iola', 'Woodard', 'nisi@Duisdignissimtempor.com', 163033976, '2019-05-27', 2),
(168, 'Marshall', 'XGG63DWQ0FW', 'Grant', 'Kent', 'et.ultrices.posuere@Sedcongue.net', 399491129, '2018-06-26', 2),
(169, 'Kylie', 'IYC15JER3RR', 'Ivor', 'Howe', 'vestibulum@metusIn.co.uk', 830313044, '2019-02-04', 2),
(170, 'Alexa', 'UBC64ZIF9MC', 'Virginia', 'Kim', 'sodales@Integertincidunt.ca', 647477953, '2019-11-06', 2),
(171, 'Emily', 'IWB80CGX4FA', 'Winifred', 'Ryan', 'tortor.nibh.sit@gravidanonsollicitudin.com', 441977072, '2018-02-09', 2),
(172, 'Justine', 'FMJ38SZM5OF', 'Malik', 'Vang', 'id.ante.Nunc@consectetueradipiscing.com', 899732988, '2019-08-10', 2),
(173, 'Ryan', 'IRW20LTP0NT', 'Jessica', 'Butler', 'Etiam.vestibulum@at.co.uk', 174291592, '2018-07-06', 2),
(174, 'Jack', 'QRK26YJP9CW', 'Jeanette', 'Bartlett', 'Cras@arcuVestibulumante.co.uk', 57194828, '2018-04-15', 2),
(175, 'Isabelle', 'OWV85GQF3KS', 'Troy', 'Chang', 'egestas@molestieorcitincidunt.net', 861869382, '2019-08-28', 2),
(176, 'Alexander', 'IQX55SDX9FT', 'Gregory', 'Monroe', 'cursus@feugiatnec.com', 187077321, '2018-03-14', 2),
(177, 'Helen', 'UXN15VFK0KI', 'Quail', 'Albert', 'malesuada.id@etnetus.org', 605600052, '2018-10-24', 2),
(178, 'Lucius', 'GMK09DFW5OS', 'Brynn', 'Schultz', 'a.mi.fringilla@vitae.ca', 130467094, '2018-11-25', 2),
(179, 'Priscilla', 'ZAV54YHO7BZ', 'Yuli', 'Mullen', 'ultrices.mauris@Proinnislsem.co.uk', 993493435, '2018-05-13', 2),
(180, 'Lawrence', 'MJO01DUP4FG', 'Basia', 'Molina', 'scelerisque@mi.net', 982542085, '2018-12-14', 2),
(181, 'Steel', 'ARI35TUA8QR', 'Eliana', 'Macias', 'Duis.mi@arcu.net', 685025535, '2020-03-12', 2),
(182, 'Eleanor', 'GST52PVU0PN', 'Lisandra', 'Ferrell', 'nonummy@Cum.ca', 863330718, '2019-06-16', 2),
(183, 'Perry', 'WAE82CEP2DB', 'Skyler', 'Coleman', 'sed.sem.egestas@primisinfaucibus.co.uk', 231743872, '2020-04-05', 2),
(184, 'Merritt', 'DSP87UVM4AS', 'Isabelle', 'Saunders', 'erat.vel.pede@Aenean.ca', 503026913, '2018-02-19', 2),
(185, 'Zoe', 'XXL32SXJ0PT', 'Cheyenne', 'Mendoza', 'luctus.vulputate@egetipsum.org', 482525705, '2019-05-18', 2),
(186, 'Yeo', 'FIH02UGT4ML', 'Fletcher', 'Frederick', 'Nunc.sollicitudin@convallisincursus.net', 382448552, '2018-08-25', 2),
(187, 'Kay', 'RLP09XGJ1KR', 'Ezekiel', 'Pollard', 'eu.tempor@nulla.ca', 886196210, '2019-10-06', 2),
(188, 'Baker', 'KNS37GJT6XN', 'Jael', 'Garner', 'pharetra.nibh@convallis.ca', 510229595, '2020-01-10', 2),
(189, 'Ingrid', 'OLD07JJJ0CX', 'Azalia', 'Rowland', 'litora.torquent.per@eu.org', 458347327, '2019-05-12', 2),
(190, 'Amaya', 'XPE65JKF6DM', 'Haley', 'Pugh', 'pede@et.ca', 535805164, '2019-06-18', 2),
(191, 'Acton', 'BLU19ZRY5MH', 'Victoria', 'Estrada', 'Aenean.egestas.hendrerit@utdolor.com', 471772268, '2019-10-22', 2),
(192, 'Tana', 'GYX72ZDN4BB', 'Shaeleigh', 'Pacheco', 'pede.malesuada@nasceturridiculusmus.co.uk', 824461530, '2020-05-07', 2),
(193, 'Devin', 'CNE50SAX4BG', 'Justina', 'Munoz', 'Mauris.ut@acarcuNunc.edu', 224024821, '2018-02-16', 2),
(194, 'Cole', 'OBT82VAY3SL', 'Burton', 'Steele', 'nec.tempus@vestibulum.ca', 1594616, '2019-07-07', 2),
(195, 'Pascale', 'STL57AKX4QJ', 'Kamal', 'Gallegos', 'Integer@CraspellentesqueSed.edu', 267759725, '2018-09-19', 2),
(196, 'Xyla', 'MVE84DSK5EL', 'Delilah', 'Rosales', 'ad@consequatpurusMaecenas.com', 272817259, '2019-05-10', 2),
(197, 'Gail', 'UOB98KYL1VX', 'Gisela', 'Black', 'Nulla.semper@sagittis.co.uk', 855446297, '2019-08-27', 2),
(198, 'Macon', 'HUI89ZWX3OI', 'Grant', 'Joyce', 'lorem.ac@duiCum.edu', 700863248, '2019-10-26', 2),
(199, 'Abdul', 'SMA29RWS9TJ', 'Tana', 'Jacobs', 'Quisque.ac.libero@et.net', 525664263, '2019-03-07', 2),
(200, 'Sierra', 'YEC71FZL1JO', 'Rose', 'Copeland', 'sed.est@utcursus.com', 735901627, '2019-04-30', 2),
(201, 'Chancellor', 'UZR14VBW7BA', 'Iona', 'Webb', 'tempor@volutpat.co.uk', 415917955, '2019-02-04', 2),
(202, 'Lionel', 'TTQ49IEY6FD', 'Calvin', 'Kane', 'tellus.justo.sit@ut.net', 423153876, '2020-01-31', 2),
(203, 'Cailin', 'ZYF13MDC5NB', 'Ronan', 'Ruiz', 'id.mollis@Nullam.com', 126347355, '2019-01-18', 2),
(204, 'Quemby', 'KJX86RKF8RC', 'Maisie', 'Valdez', 'neque@lectusrutrum.net', 139555556, '2020-03-25', 2);

INSERT INTO `posiadane_uslugi` (`id_posiadania`, `id_uzytkownika`, `id_uslugi`) VALUES
(1, 4, 1),
(2, 5, 2),
(3, 6, 3),
(6, 9, 6),
(7, 10, 7),
(10, 13, 10),
(16, 19, 16),
(19, 22, 19),
(20, 23, 20),
(21, 24, 21),
(23, 26, 23),
(24, 27, 24),
(25, 28, 25),
(26, 29, 26),
(27, 30, 27),
(29, 32, 29),
(30, 33, 30),
(35, 38, 35),
(36, 39, 36),
(39, 42, 39),
(40, 43, 40),
(44, 47, 44),
(45, 48, 45),
(46, 49, 46),
(47, 50, 47),
(48, 51, 48),
(52, 55, 52),
(53, 56, 53),
(55, 58, 55),
(56, 59, 56),
(57, 60, 57),
(58, 61, 58),
(59, 62, 59),
(61, 64, 61),
(65, 68, 65),
(66, 69, 66),
(67, 70, 67),
(70, 73, 70),
(71, 74, 71),
(74, 77, 74),
(78, 81, 78),
(81, 84, 81),
(82, 85, 82),
(83, 86, 83),
(87, 90, 87),
(89, 92, 89),
(90, 93, 90),
(92, 95, 92),
(94, 97, 94),
(96, 99, 96),
(98, 101, 98),
(100, 103, 100);

INSERT INTO `powiadomienia` (`id_powiadomienia`, `tytul`, `tresc`, `data`, `id_uzytkownika`) VALUES
(7, 'Zakończenie usługi', 'Twoja usługa o ID 4 zakończyła się!', '2019-06-04', 7),
(8, 'Zakończenie usługi', 'Twoja usługa o ID 5 zakończyła się!', '2019-06-04', 8),
(9, 'Zakończenie usługi', 'Twoja usługa o ID 8 zakończyła się!', '2019-06-04', 11),
(10, 'Zakończenie usługi', 'Twoja usługa o ID 9 zakończyła się!', '2019-06-04', 12),
(11, 'Zakończenie usługi', 'Twoja usługa o ID 11 zakończyła się!', '2019-06-04', 14),
(12, 'Zakończenie usługi', 'Twoja usługa o ID 12 zakończyła się!', '2019-06-04', 15),
(13, 'Zakończenie usługi', 'Twoja usługa o ID 13 zakończyła się!', '2019-06-04', 16),
(14, 'Zakończenie usługi', 'Twoja usługa o ID 14 zakończyła się!', '2019-06-04', 17),
(15, 'Zakończenie usługi', 'Twoja usługa o ID 15 zakończyła się!', '2019-06-04', 18),
(16, 'Zakończenie usługi', 'Twoja usługa o ID 17 zakończyła się!', '2019-06-04', 20),
(17, 'Zakończenie usługi', 'Twoja usługa o ID 18 zakończyła się!', '2019-06-04', 21),
(18, 'Zakończenie usługi', 'Twoja usługa o ID 22 zakończyła się!', '2019-06-04', 25),
(19, 'Zakończenie usługi', 'Twoja usługa o ID 28 zakończyła się!', '2019-06-04', 31),
(20, 'Zakończenie usługi', 'Twoja usługa o ID 31 zakończyła się!', '2019-06-04', 34),
(21, 'Zakończenie usługi', 'Twoja usługa o ID 32 zakończyła się!', '2019-06-04', 35),
(22, 'Zakończenie usługi', 'Twoja usługa o ID 33 zakończyła się!', '2019-06-04', 36),
(23, 'Zakończenie usługi', 'Twoja usługa o ID 34 zakończyła się!', '2019-06-04', 37),
(24, 'Zakończenie usługi', 'Twoja usługa o ID 37 zakończyła się!', '2019-06-04', 40),
(25, 'Zakończenie usługi', 'Twoja usługa o ID 38 zakończyła się!', '2019-06-04', 41),
(26, 'Zakończenie usługi', 'Twoja usługa o ID 41 zakończyła się!', '2019-06-04', 44),
(27, 'Zakończenie usługi', 'Twoja usługa o ID 42 zakończyła się!', '2019-06-04', 45),
(28, 'Zakończenie usługi', 'Twoja usługa o ID 43 zakończyła się!', '2019-06-04', 46),
(29, 'Zakończenie usługi', 'Twoja usługa o ID 49 zakończyła się!', '2019-06-04', 52),
(30, 'Zakończenie usługi', 'Twoja usługa o ID 50 zakończyła się!', '2019-06-04', 53),
(31, 'Zakończenie usługi', 'Twoja usługa o ID 51 zakończyła się!', '2019-06-04', 54),
(32, 'Zakończenie usługi', 'Twoja usługa o ID 54 zakończyła się!', '2019-06-04', 57),
(33, 'Zakończenie usługi', 'Twoja usługa o ID 60 zakończyła się!', '2019-06-04', 63),
(34, 'Zakończenie usługi', 'Twoja usługa o ID 62 zakończyła się!', '2019-06-04', 65),
(35, 'Zakończenie usługi', 'Twoja usługa o ID 63 zakończyła się!', '2019-06-04', 66),
(36, 'Zakończenie usługi', 'Twoja usługa o ID 64 zakończyła się!', '2019-06-04', 67),
(37, 'Zakończenie usługi', 'Twoja usługa o ID 68 zakończyła się!', '2019-06-04', 71),
(38, 'Zakończenie usługi', 'Twoja usługa o ID 69 zakończyła się!', '2019-06-04', 72),
(39, 'Zakończenie usługi', 'Twoja usługa o ID 72 zakończyła się!', '2019-06-04', 75),
(40, 'Zakończenie usługi', 'Twoja usługa o ID 73 zakończyła się!', '2019-06-04', 76),
(41, 'Zakończenie usługi', 'Twoja usługa o ID 75 zakończyła się!', '2019-06-04', 78),
(42, 'Zakończenie usługi', 'Twoja usługa o ID 76 zakończyła się!', '2019-06-04', 79),
(43, 'Zakończenie usługi', 'Twoja usługa o ID 77 zakończyła się!', '2019-06-04', 80),
(44, 'Zakończenie usługi', 'Twoja usługa o ID 79 zakończyła się!', '2019-06-04', 82),
(45, 'Zakończenie usługi', 'Twoja usługa o ID 80 zakończyła się!', '2019-06-04', 83),
(46, 'Zakończenie usługi', 'Twoja usługa o ID 84 zakończyła się!', '2019-06-04', 87),
(47, 'Zakończenie usługi', 'Twoja usługa o ID 85 zakończyła się!', '2019-06-04', 88),
(48, 'Zakończenie usługi', 'Twoja usługa o ID 86 zakończyła się!', '2019-06-04', 89),
(49, 'Zakończenie usługi', 'Twoja usługa o ID 88 zakończyła się!', '2019-06-04', 91),
(50, 'Zakończenie usługi', 'Twoja usługa o ID 91 zakończyła się!', '2019-06-04', 94),
(51, 'Zakończenie usługi', 'Twoja usługa o ID 93 zakończyła się!', '2019-06-04', 96),
(52, 'Zakończenie usługi', 'Twoja usługa o ID 95 zakończyła się!', '2019-06-04', 98),
(53, 'Zakończenie usługi', 'Twoja usługa o ID 97 zakończyła się!', '2019-06-04', 100),
(54, 'Zakończenie usługi', 'Twoja usługa o ID 99 zakończyła się!', '2019-06-04', 102);

